generation,arm,seed,operator,count
0,random,2,clone,2
0,random,2,merge_tools,1
0,random,2,mutate_docstring,1
0,random,2,remove_tool,1
1,random,2,add_validation_wrapper,1
1,random,2,clone,2
1,random,2,enable_retry,1
1,random,2,merge_tools,1
2,random,2,add_validation_wrapper,1
2,random,2,clone,3
2,random,2,disable_tool,1
3,random,2,clone,3
3,random,2,enable_retry,1
3,random,2,merge_tools,1
4,random,2,clone,3
4,random,2,mutate_docstring,1
4,random,2,remove_tool,1
5,random,2,add_tool,1
5,random,2,clone,3
5,random,2,remove_tool,1
