generation,arm,seed,best,mean,best_tools,best_preamble_len
0,random,2,0.8333,0.8333,calc;unit_convert;str_op;list_op,146
1,random,2,0.8333,0.7917,calc;unit_convert;str_op;list_op,146
2,random,2,0.8333,0.8021,calc;unit_convert;str_op;list_op,146
3,random,2,0.8333,0.8333,calc;unit_convert;str_op;list_op,146
4,random,2,0.8333,0.8021,calc;unit_convert;str_op;list_op,146
5,random,2,0.8333,0.8021,calc;unit_convert;str_op;list_op,146
6,random,2,0.8333,0.7708,calc;unit_convert;str_op;list_op,146
7,random,2,0.8333,0.7604,calc;unit_convert;str_op;list_op,146
8,random,2,0.8333,0.7812,calc;unit_convert;str_op;list_op,146
9,random,2,0.8333,0.7188,calc;unit_convert;str_op;list_op,146
